<?xml version="1.0" encoding="UTF-8"?>

<beans xmlns="http://www.springframework.org/schema/beans"
       xmlns:xsi="http://www.w3.org/2001/XMLSchema-instance"
       xmlns:context="http://www.springframework.org/schema/context"


       xsi:schemaLocation="http://www.springframework.org/schema/beans
                          http://www.springframework.org/schema/beans/spring-beans.xsd http://www.springframework.org/schema/context http://www.springframework.org/schema/context/spring-context.xsd">
<!--
<beans xmlns="http://www.springframework.org/schema/beans"
           xmlns:xsi="http://www.w3.org/2001/XMLSchema-instance"
           xsi:schemaLocation="http://www.springframework.org/schema/beans
        http://www.springframework.org/schema/beans/spring-beans.xsd">
-->

    <!--context:annotation-config代表开启注册配置,在类中可以使用@Component,@Service,@Respository,@Controller-->
    <context:annotation-config></context:annotation-config>
    <!--表示扫描com.servlet包中的所有类，看为上是否有@Component,@Service,@Respository,@Controller其中之一的注解，有将该类纳入spring容器管理 -->
    <context:component-scan base-package="com.servlet"></context:component-scan>
    <context:component-scan base-package="com.service"></context:component-scan>
    <context:component-scan base-package="com.dao"></context:component-scan>



    <bean id="placeholderConfigurer" class="org.springframework.beans.factory.config.PropertyPlaceholderConfigurer">
        <!--给location属性赋值 ，在此类的内部就会去读取classpath:properties配置文件 -->
        <property name="location" value="classpath:jdbc.properties"></property>
    </bean>

    <!--把commons dbcp2 纳入spring容器管理 XML DOM解析  生成XML

    ${driverClassName}表示引用 jdbc.properties配置文件的driverClassName
    -->
    <bean id="datasource" class="org.apache.commons.dbcp2.BasicDataSource" destroy-method="closeConnectionPool">
        <property name="driverClassName" value="${driver}"></property>
        <property name="password" value="${password}"></property>
        <property name="username" value="${username}"></property>
        <property name="url" value="${url}"></property>
    </bean>



</beans>